{
  "Working Directory" : "\/Users\/zericchan",
  "Prompt Before Closing 2" : false,
  "Selected Text Color" : {
    "Green Component" : 0.5490196078431373,
    "Red Component" : 0.58823529411764708,
    "Blue Component" : 0.51372549019607838
  },
  "Rows" : 40,
  "Ansi 11 Color" : {
    "Green Component" : 0.6470588235294118,
    "Red Component" : 0.91764705882352937,
    "Blue Component" : 0.28627450980392155
  },
  "Use Italic Font" : true,
  "HotKey Characters" : " ",
  "Foreground Color" : {
    "Green Component" : 0.5490196078431373,
    "Red Component" : 0.58823529411764708,
    "Blue Component" : 0.51372549019607838
  },
  "HotKey Window Floats" : true,
  "Right Option Key Sends" : 2,
  "Character Encoding" : 4,
  "Selection Color" : {
    "Green Component" : 0.21568627450980393,
    "Red Component" : 0.27058823529411763,
    "Blue Component" : 0.23529411764705882
  },
  "Blend" : 0.050000000000000003,
  "Mouse Reporting" : true,
  "Ansi 4 Color" : {
    "Green Component" : 0.41568627450980394,
    "Red Component" : 0.25882352941176473,
    "Blue Component" : 0.47450980392156861
  },
  "Non-ASCII Anti Aliased" : true,
  "Sync Title" : false,
  "Disable Window Resizing" : true,
  "Description" : "Default",
  "Close Sessions On End" : true,
  "Jobs to Ignore" : [
    "rlogin",
    "ssh",
    "slogin",
    "telnet"
  ],
  "Scrollback Lines" : 1000,
  "HotKey Window Reopens On Activation" : false,
  "Flashing Bell" : false,
  "Cursor Guide Color" : {
    "Red Component" : 0.70214027166366577,
    "Color Space" : "sRGB",
    "Blue Component" : 1,
    "Alpha Component" : 0.25,
    "Green Component" : 0.92681378126144409
  },
  "BM Growl" : true,
  "Ansi 3 Color" : {
    "Green Component" : 0.6470588235294118,
    "Red Component" : 0.91764705882352937,
    "Blue Component" : 0.28627450980392155
  },
  "Use Non-ASCII Font" : false,
  "Link Color" : {
    "Red Component" : 0,
    "Color Space" : "sRGB",
    "Blue Component" : 0.73422712087631226,
    "Alpha Component" : 1,
    "Green Component" : 0.35915297269821167
  },
  "Shortcut" : "",
  "Bold Color" : {
    "Green Component" : 0.5490196078431373,
    "Red Component" : 0.58823529411764708,
    "Blue Component" : 0.51372549019607838
  },
  "Unlimited Scrollback" : false,
  "Custom Command" : "No",
  "HotKey Key Code" : 49,
  "Keyboard Map" : {
    "0xf728-0x80000" : {
      "Action" : 10,
      "Text" : "d"
    },
    "0xf702-0x280000" : {
      "Action" : 10,
      "Text" : "b"
    },
    "0xf70d-0x20000" : {
      "Action" : 10,
      "Text" : "[21;2~"
    },
    "0x7f-0x80000" : {
      "Action" : 11,
      "Text" : "0x1b 0x7f"
    },
    "0xf708-0x20000" : {
      "Action" : 10,
      "Text" : "[15;2~"
    },
    "0x33-0x40000" : {
      "Action" : 11,
      "Text" : "0x1b"
    },
    "0xf703-0x260000" : {
      "Action" : 10,
      "Text" : "[1;6C"
    },
    "0xf729-0x20000" : {
      "Action" : 10,
      "Text" : "[1;2H"
    },
    "0xf702-0x260000" : {
      "Action" : 10,
      "Text" : "[1;6D"
    },
    "0x38-0x40000" : {
      "Action" : 11,
      "Text" : "0x7f"
    },
    "0xf72b-0x40000" : {
      "Action" : 10,
      "Text" : "[1;5F"
    },
    "0xf70c-0x20000" : {
      "Action" : 10,
      "Text" : "[20;2~"
    },
    "0xf701-0x260000" : {
      "Action" : 10,
      "Text" : "[1;6B"
    },
    "0x32-0x40000" : {
      "Action" : 11,
      "Text" : "0x00"
    },
    "0xf707-0x20000" : {
      "Action" : 10,
      "Text" : "[1;2S"
    },
    "0xf703-0x240000" : {
      "Action" : 10,
      "Text" : "[1;5C"
    },
    "0xf700-0x260000" : {
      "Action" : 10,
      "Text" : "[1;6A"
    },
    "0xf702-0x240000" : {
      "Action" : 10,
      "Text" : "[1;5D"
    },
    "0xf703-0x300000" : {
      "Action" : 11,
      "Text" : "0x5"
    },
    "0x37-0x40000" : {
      "Action" : 11,
      "Text" : "0x1f"
    },
    "0x3-0x200000" : {
      "Action" : 11,
      "Text" : "0xd"
    },
    "0xf701-0x240000" : {
      "Action" : 10,
      "Text" : "[1;5B"
    },
    "0xf702-0x300000" : {
      "Action" : 11,
      "Text" : "0x1"
    },
    "0xf703-0x220000" : {
      "Action" : 10,
      "Text" : "[1;2C"
    },
    "0xf739-0x0" : {
      "Action" : 13,
      "Text" : ""
    },
    "0xf70b-0x20000" : {
      "Action" : 10,
      "Text" : "[19;2~"
    },
    "0xf728-0x0" : {
      "Action" : 11,
      "Text" : "0x4"
    },
    "0xf706-0x20000" : {
      "Action" : 10,
      "Text" : "[1;2R"
    },
    "0xf700-0x240000" : {
      "Action" : 10,
      "Text" : "[1;5A"
    },
    "0xf702-0x220000" : {
      "Action" : 10,
      "Text" : "[1;2D"
    },
    "0x36-0x40000" : {
      "Action" : 11,
      "Text" : "0x1e"
    },
    "0xf70f-0x20000" : {
      "Action" : 10,
      "Text" : "[24;2~"
    },
    "0xf701-0x220000" : {
      "Action" : 10,
      "Text" : "[1;2B"
    },
    "0xf70a-0x20000" : {
      "Action" : 10,
      "Text" : "[18;2~"
    },
    "0xf729-0x40000" : {
      "Action" : 10,
      "Text" : "[1;5H"
    },
    "0xf72b-0x20000" : {
      "Action" : 10,
      "Text" : "[1;2F"
    },
    "0xf700-0x220000" : {
      "Action" : 10,
      "Text" : "[1;2A"
    },
    "0x30-0x200000" : {
      "Action" : 12,
      "Text" : "0"
    },
    "0xf705-0x20000" : {
      "Action" : 10,
      "Text" : "[1;2Q"
    },
    "0x31-0x200000" : {
      "Action" : 12,
      "Text" : "1"
    },
    "0x33-0x200000" : {
      "Action" : 12,
      "Text" : "3"
    },
    "0x35-0x40000" : {
      "Action" : 11,
      "Text" : "0x1d"
    },
    "0x34-0x200000" : {
      "Action" : 12,
      "Text" : "4"
    },
    "0x32-0x200000" : {
      "Action" : 12,
      "Text" : "2"
    },
    "0x35-0x200000" : {
      "Action" : 12,
      "Text" : "5"
    },
    "0x36-0x200000" : {
      "Action" : 12,
      "Text" : "6"
    },
    "0x37-0x200000" : {
      "Action" : 12,
      "Text" : "7"
    },
    "0x2d-0x40000" : {
      "Action" : 11,
      "Text" : "0x1f"
    },
    "0x38-0x200000" : {
      "Action" : 12,
      "Text" : "8"
    },
    "0x2a-0x200000" : {
      "Action" : 12,
      "Text" : "*"
    },
    "0x39-0x200000" : {
      "Action" : 12,
      "Text" : "9"
    },
    "0x2b-0x200000" : {
      "Action" : 12,
      "Text" : "+"
    },
    "0xf70e-0x20000" : {
      "Action" : 10,
      "Text" : "[23;2~"
    },
    "0x2e-0x200000" : {
      "Action" : 12,
      "Text" : "."
    },
    "0x2d-0x200000" : {
      "Action" : 12,
      "Text" : "-"
    },
    "0xf709-0x20000" : {
      "Action" : 10,
      "Text" : "[17;2~"
    },
    "0x7f-0x100000" : {
      "Action" : 11,
      "Text" : "0x15"
    },
    "0x2f-0x200000" : {
      "Action" : 12,
      "Text" : "\/"
    },
    "0xf704-0x20000" : {
      "Action" : 10,
      "Text" : "[1;2P"
    },
    "0x34-0x40000" : {
      "Action" : 11,
      "Text" : "0x1c"
    },
    "0xf703-0x280000" : {
      "Action" : 10,
      "Text" : "f"
    }
  },
  "Ansi 14 Color" : {
    "Green Component" : 0.60392156862745094,
    "Red Component" : 0.59607843137254901,
    "Blue Component" : 0.61176470588235299
  },
  "Ansi 2 Color" : {
    "Green Component" : 0.50588235294117645,
    "Red Component" : 0.52156862745098043,
    "Blue Component" : 0.3843137254901961
  },
  "Send Code When Idle" : false,
  "ASCII Anti Aliased" : true,
  "Tags" : [

  ],
  "Ansi 9 Color" : {
    "Green Component" : 0.062745098039215685,
    "Red Component" : 0.74509803921568629,
    "Blue Component" : 0.054901960784313725
  },
  "Use Bold Font" : true,
  "Silence Bell" : false,
  "Ansi 12 Color" : {
    "Green Component" : 0.41568627450980394,
    "Red Component" : 0.25882352941176473,
    "Blue Component" : 0.47450980392156861
  },
  "Window Type" : 0,
  "Allow Title Reporting" : false,
  "Use Bright Bold" : true,
  "Has Hotkey" : false,
  "HotKey Modifier Activation" : 0,
  "Cursor Text Color" : {
    "Green Component" : 0.066666666666666666,
    "Red Component" : 0.12549019607843137,
    "Blue Component" : 0.10588235294117647
  },
  "HotKey Window Dock Click Action" : 0,